"If you are not the intended recipient or authorized to receive for the recipient , please contact the sender or reply to Enron Corp. at enron.messaging.administration@enron.com and delete all copies of the message."
"If you have any questions or comment, please let me know."
"If you have any questions, please let me know."
"Again, please contact me anytime if if you have any remaining questions."
"If you have received this e-mail in error, please notify us immediately by return e-mail and delete this e-mail and its attachments from your system."
"Thus, please consider this e:mail as formal notice of my intention to resign from the company, effective close of business June , ."
"If you have received this message in error, please advise the sender immediately by reply e-mail and delete this message."
"If you have received this message in error, please advise the sender immediately by reply e-mail and delete this message."
"If you have time, would you please contact us reguarding this matter."
"If you have received this message in error, please advise the sender immediately by reply e-mail and delete this message."
"If you cannot assist this member, please contact them or IOS."
IOS asks that you please respond within hours of receiving this request.
"If you can make it, please come"
"If you have received this email in error, please immediately notify the sender by return email and delete this email from your system."
